<?xml version="1.0" encoding="UTF-8"?>
<MD_Metadata xmlns="http://www.isotc211.org/2005/gmd" xmlns:gco="http://www.isotc211.org/2005/gco" xmlns:gts="http://www.isotc211.org/2005/gts" xmlns:srv="http://www.isotc211.org/2005/srv" xmlns:gml="http://www.opengis.net/gml/3.2" xmlns:gmx="http://www.isotc211.org/2005/gmx" xmlns:xlink="http://www.w3.org/1999/xlink" xmlns:xsi="http://www.w3.org/2001/XMLSchema-instance">
<fileIdentifier>
<gco:CharacterString>82209A6E-A4AB-4F26-BF7F-2080C97D5878</gco:CharacterString>
</fileIdentifier>
<language>
<LanguageCode codeList="http://www.loc.gov/standards/iso639-2/php/code_list.php" codeListValue="eng" codeSpace="ISO639-2">eng</LanguageCode>
</language>
<characterSet>
<MD_CharacterSetCode codeList="http://www.isotc211.org/2005/resources/Codelist/gmxCodelists.xml#MD_CharacterSetCode" codeListValue="utf8" codeSpace="ISOTC211/19115">utf8</MD_CharacterSetCode>
</characterSet>
<hierarchyLevel>
<MD_ScopeCode codeList="http://www.isotc211.org/2005/resources/Codelist/gmxCodelists.xml#MD_ScopeCode" codeListValue="dataset" codeSpace="ISOTC211/19115">dataset</MD_ScopeCode>
</hierarchyLevel>
<contact>
<CI_ResponsibleParty>
<organisationName>
<gco:CharacterString>Alberta Environment and Protected Areas, Government of Alberta</gco:CharacterString>
</organisationName>
<positionName>
<gco:CharacterString>Provincial Geospatial Centre</gco:CharacterString>
</positionName>
<contactInfo>
<CI_Contact>
<phone>
<CI_Telephone>
<voice>
<gco:CharacterString>7804277374</gco:CharacterString>
</voice>
<facsimile>
<gco:CharacterString>7804220712</gco:CharacterString>
</facsimile>
</CI_Telephone>
</phone>
<address>
<CI_Address>
<deliveryPoint>
<gco:CharacterString>14th Floor, Oxbridge Place</gco:CharacterString>
</deliveryPoint>
<deliveryPoint>
<gco:CharacterString>9820 - 106 Street NW</gco:CharacterString>
</deliveryPoint>
<city>
<gco:CharacterString>Edmonton</gco:CharacterString>
</city>
<administrativeArea>
<gco:CharacterString>Alberta</gco:CharacterString>
</administrativeArea>
<postalCode>
<gco:CharacterString>T5K 2J6</gco:CharacterString>
</postalCode>
<country>
<Country codeList="http://www.iso.org/iso/country_codes/iso_3166_code_lists.htm" codeListValue="CA" codeSpace="ISO3166-1">CA</Country>
</country>
<electronicMailAddress>
<gco:CharacterString>AEP.GDAMetadata@gov.ab.ca</gco:CharacterString>
</electronicMailAddress>
</CI_Address>
</address>
</CI_Contact>
</contactInfo>
<role>
<CI_RoleCode codeList="http://www.isotc211.org/2005/resources/Codelist/gmxCodelists.xml#CI_RoleCode" codeListValue="publisher" codeSpace="ISOTC211/19115">publisher</CI_RoleCode>
</role>
</CI_ResponsibleParty>
</contact>
<dateStamp>
<gco:Date>2022-07-22</gco:Date>
</dateStamp>
<metadataStandardName>
<gco:CharacterString>NAP - Metadata</gco:CharacterString>
</metadataStandardName>
<metadataStandardVersion>
<gco:CharacterString>1.2</gco:CharacterString>
</metadataStandardVersion>
<spatialRepresentationInfo>
<MD_VectorSpatialRepresentation>
<topologyLevel>
<MD_TopologyLevelCode codeList="http://www.isotc211.org/2005/resources/Codelist/gmxCodelists.xml#MD_TopologyLevelCode" codeListValue="geometryOnly" codeSpace="ISOTC211/19115">geometryOnly</MD_TopologyLevelCode>
</topologyLevel>
<geometricObjects>
<MD_GeometricObjects>
<geometricObjectType>
<MD_GeometricObjectTypeCode codeList="http://www.isotc211.org/2005/resources/Codelist/gmxCodelists.xml#MD_GeometricObjectTypeCode" codeListValue="composite" codeSpace="ISOTC211/19115">composite</MD_GeometricObjectTypeCode>
</geometricObjectType>
<geometricObjectCount>
<gco:Integer>15389</gco:Integer>
</geometricObjectCount>
</MD_GeometricObjects>
</geometricObjects>
</MD_VectorSpatialRepresentation>
</spatialRepresentationInfo>
<referenceSystemInfo>
<MD_ReferenceSystem>
<referenceSystemIdentifier>
<RS_Identifier>
<code>
<gco:CharacterString>3400</gco:CharacterString>
</code>
<codeSpace>
<gco:CharacterString>EPSG</gco:CharacterString>
</codeSpace>
<version>
<gco:CharacterString>6.11(9.3.0.0)</gco:CharacterString>
</version>
</RS_Identifier>
</referenceSystemIdentifier>
</MD_ReferenceSystem>
</referenceSystemInfo>
<identificationInfo>
<MD_DataIdentification>
<citation>
<CI_Citation>
<title>
<gco:CharacterString>Crown Land Reservations</gco:CharacterString>
</title>
<date>
<CI_Date>
<date>
<gco:Date>2022-07-14</gco:Date>
</date>
<dateType>
<CI_DateTypeCode codeList="http://www.isotc211.org/2005/resources/Codelist/gmxCodelists.xml#CI_DateTypeCode" codeListValue="creation" codeSpace="ISOTC211/19115">creation</CI_DateTypeCode>
</dateType>
</CI_Date>
</date>
<date>
<CI_Date>
<date>
<gco:Date>2023-05-18</gco:Date>
</date>
<dateType>
<CI_DateTypeCode codeList="http://www.isotc211.org/2005/resources/Codelist/gmxCodelists.xml#CI_DateTypeCode" codeListValue="publication" codeSpace="ISOTC211/19115">publication</CI_DateTypeCode>
</dateType>
</CI_Date>
</date>
<date>
<CI_Date>
<date>
<gco:Date>2023-05-17</gco:Date>
</date>
<dateType>
<CI_DateTypeCode codeList="http://www.isotc211.org/2005/resources/Codelist/gmxCodelists.xml#CI_DateTypeCode" codeListValue="revised" codeSpace="ISOTC211/19115">revised</CI_DateTypeCode>
</dateType>
</CI_Date>
</date>
<citedResponsibleParty>
<CI_ResponsibleParty>
<organisationName>
<gco:CharacterString>Alberta Environment and Protected Areas, Government of Alberta</gco:CharacterString>
</organisationName>
<positionName>
<gco:CharacterString>Provincial Geospatial Centre</gco:CharacterString>
</positionName>
<contactInfo>
<CI_Contact>
<phone>
<CI_Telephone>
<voice>
<gco:CharacterString>7804277374</gco:CharacterString>
</voice>
<facsimile>
<gco:CharacterString>7804220712</gco:CharacterString>
</facsimile>
</CI_Telephone>
</phone>
<address>
<CI_Address>
<deliveryPoint>
<gco:CharacterString>14th Floor, Oxbridge Place</gco:CharacterString>
</deliveryPoint>
<deliveryPoint>
<gco:CharacterString>9820 - 106 Street NW</gco:CharacterString>
</deliveryPoint>
<city>
<gco:CharacterString>Edmonton</gco:CharacterString>
</city>
<administrativeArea>
<gco:CharacterString>Alberta</gco:CharacterString>
</administrativeArea>
<postalCode>
<gco:CharacterString>T5K 2J6</gco:CharacterString>
</postalCode>
<country>
<Country codeList="http://www.iso.org/iso/country_codes/iso_3166_code_lists.htm" codeListValue="CA" codeSpace="ISO3166-1">CA</Country>
</country>
<electronicMailAddress>
<gco:CharacterString>AEP.GDAMetadata@gov.ab.ca</gco:CharacterString>
</electronicMailAddress>
</CI_Address>
</address>
</CI_Contact>
</contactInfo>
<role>
<CI_RoleCode codeList="http://www.isotc211.org/2005/resources/Codelist/gmxCodelists.xml#CI_RoleCode" codeListValue="originator" codeSpace="ISOTC211/19115">originator</CI_RoleCode>
</role>
</CI_ResponsibleParty>
</citedResponsibleParty>
<presentationForm>
<CI_PresentationFormCode codeList="http://www.isotc211.org/2005/resources/Codelist/gmxCodelists.xml#CI_PresentationFormCode" codeListValue="mapDigital" codeSpace="ISOTC211/19115">mapDigital</CI_PresentationFormCode>
</presentationForm>
</CI_Citation>
</citation>
<abstract>
<gco:CharacterString>A Crown land reservation is a tool under Section 18(c) of the Public Lands Act, to identify a management intent that will inform and provide direction to potential land users and regulatory bodies as authorized under the Public Lands Act. A reservation is not a disposition, does not grant any rights to public land or rights to access or occupy public land or rights to the resources on the land or under it. The Crown Land Reservations dataset displays reservations under application or active with their associated data attributes allowing users to view and access existing or proposed reservation information that could influence their application if a proposed activity intersects. More information can be found at www.alberta.ca/land-use-reservation-program.aspx</gco:CharacterString>
</abstract>
<purpose>
<gco:CharacterString>The Crown Land Reservations dataset features non-agency or specific agency managed reservations. The information within a reservation helps applicants make informed decisions when considering, planning and seeking authorization for any Crown land use activity they wish to undertake on Crown lands.</gco:CharacterString>
</purpose>
<status>
<MD_ProgressCode codeList="http://www.isotc211.org/2005/resources/Codelist/gmxCodelists.xml#MD_ProgressCode" codeListValue="completed" codeSpace="ISOTC211/19115">completed</MD_ProgressCode>
</status>
<pointOfContact>
<CI_ResponsibleParty>
<organisationName>
<gco:CharacterString>Alberta Environment and Protected Areas, Government of Alberta</gco:CharacterString>
</organisationName>
<positionName>
<gco:CharacterString>Provincial Geospatial Centre</gco:CharacterString>
</positionName>
<contactInfo>
<CI_Contact>
<phone>
<CI_Telephone>
<voice>
<gco:CharacterString>7804277374</gco:CharacterString>
</voice>
<facsimile>
<gco:CharacterString>7804220712</gco:CharacterString>
</facsimile>
</CI_Telephone>
</phone>
<address>
<CI_Address>
<deliveryPoint>
<gco:CharacterString>14th Floor, Oxbridge Place</gco:CharacterString>
</deliveryPoint>
<deliveryPoint>
<gco:CharacterString>9820 - 106 Street NW</gco:CharacterString>
</deliveryPoint>
<city>
<gco:CharacterString>Edmonton</gco:CharacterString>
</city>
<administrativeArea>
<gco:CharacterString>Alberta</gco:CharacterString>
</administrativeArea>
<postalCode>
<gco:CharacterString>T5K 2J6</gco:CharacterString>
</postalCode>
<country>
<Country codeList="http://www.iso.org/iso/country_codes/iso_3166_code_lists.htm" codeListValue="CA" codeSpace="ISO3166-1">CA</Country>
</country>
<electronicMailAddress>
<gco:CharacterString>AEP.GDAMetadata@gov.ab.ca</gco:CharacterString>
</electronicMailAddress>
</CI_Address>
</address>
</CI_Contact>
</contactInfo>
<role>
<CI_RoleCode codeList="http://www.isotc211.org/2005/resources/Codelist/gmxCodelists.xml#CI_RoleCode" codeListValue="pointOfContact" codeSpace="ISOTC211/19115">pointOfContact</CI_RoleCode>
</role>
</CI_ResponsibleParty>
</pointOfContact>
<resourceMaintenance>
<MD_MaintenanceInformation>
<maintenanceAndUpdateFrequency>
<MD_MaintenanceFrequencyCode codeList="http://www.isotc211.org/2005/resources/Codelist/gmxCodelists.xml#MD_MaintenanceFrequencyCode" codeListValue="continual" codeSpace="ISOTC211/19115">continual</MD_MaintenanceFrequencyCode>
</maintenanceAndUpdateFrequency>
</MD_MaintenanceInformation>
</resourceMaintenance>
<descriptiveKeywords>
<MD_Keywords>
<keyword>
<gco:CharacterString>Alberta, Canada</gco:CharacterString>
</keyword>
<type>
<MD_KeywordTypeCode codeList="http://www.isotc211.org/2005/resources/Codelist/gmxCodelists.xml#MD_KeywordTypeCode" codeListValue="place" codeSpace="ISOTC211/19115">place</MD_KeywordTypeCode>
</type>
</MD_Keywords>
</descriptiveKeywords>
<descriptiveKeywords>
<MD_Keywords>
<keyword>
<gco:CharacterString>Crown Land Reservations</gco:CharacterString>
</keyword>
<keyword>
<gco:CharacterString>Reservations</gco:CharacterString>
</keyword>
<keyword>
<gco:CharacterString>Crown Land</gco:CharacterString>
</keyword>
<type>
<MD_KeywordTypeCode codeList="http://www.isotc211.org/2005/resources/Codelist/gmxCodelists.xml#MD_KeywordTypeCode" codeListValue="theme" codeSpace="ISOTC211/19115">theme</MD_KeywordTypeCode>
</type>
</MD_Keywords>
</descriptiveKeywords>
<resourceConstraints>
<MD_LegalConstraints>
<accessConstraints>
<MD_RestrictionCode codeList="http://www.isotc211.org/2005/resources/Codelist/gmxCodelists.xml#MD_RestrictionCode" codeListValue="otherRestrictions" codeSpace="ISOTC211/19115">otherRestrictions</MD_RestrictionCode>
</accessConstraints>
<otherConstraints>
<gco:CharacterString>To access the data you must agree to the terms of the Open Government Licence - Alberta found at  http://open.alberta.ca/licence</gco:CharacterString>
</otherConstraints>
</MD_LegalConstraints>
</resourceConstraints>
<resourceConstraints>
<MD_LegalConstraints>
<useConstraints>
<MD_RestrictionCode codeList="http://www.isotc211.org/2005/resources/Codelist/gmxCodelists.xml#MD_RestrictionCode" codeListValue="license" codeSpace="ISOTC211/19115">license</MD_RestrictionCode>
</useConstraints>
<otherConstraints>
<gco:CharacterString>Your use of this information will be governed by the terms of the Open Government Licence - Alberta, in force as of the date you accessed the information, found at https://open.alberta.ca/licence</gco:CharacterString>
</otherConstraints>
</MD_LegalConstraints>
</resourceConstraints>
<resourceConstraints>
<MD_LegalConstraints>
<useLimitation>
<gco:CharacterString>Distribution Liability: Under the terms of the Open Government Licence - Alberta, the Information is licensed as is, and the Information Provider excludes all representations, warranties, obligations, and liabilities, whether express or implied, to the maximum extent permitted by law. The Information Provider is not liable for any errors or omissions in the Information, and will not under any circumstances be liable for any direct, indirect, special, incidental, consequential, or other loss, injury or damage caused by its use or otherwise arising in connection with this licence or the Information, even if specifically advised of the possibility of such loss, injury or damage.</gco:CharacterString>
</useLimitation>
</MD_LegalConstraints>
</resourceConstraints>
<resourceConstraints>
<MD_SecurityConstraints>
<classification>
<MD_ClassificationCode codeList="http://www.isotc211.org/2005/resources/Codelist/gmxCodelists.xml#MD_ClassificationCode" codeListValue="unclassified" codeSpace="ISOTC211/19115">unclassified</MD_ClassificationCode>
</classification>
<userNote>
<gco:CharacterString>Public/Unrestricted</gco:CharacterString>
</userNote>
<classificationSystem>
<gco:CharacterString>Government of Alberta Data and Information Security Classification</gco:CharacterString>
</classificationSystem>
<handlingDescription>
<gco:CharacterString>https://imtpolicy.sp.alberta.ca/standards/Pages/Data-and-Information-Security-Classification.aspx</gco:CharacterString>
</handlingDescription>
</MD_SecurityConstraints>
</resourceConstraints>
<spatialRepresentationType>
<MD_SpatialRepresentationTypeCode codeList="http://www.isotc211.org/2005/resources/Codelist/gmxCodelists.xml#MD_SpatialRepresentationTypeCode" codeListValue="vector" codeSpace="ISOTC211/19115">vector</MD_SpatialRepresentationTypeCode>
</spatialRepresentationType>
<language>
<LanguageCode codeList="http://www.loc.gov/standards/iso639-2/php/code_list.php" codeListValue="eng" codeSpace="ISO639-2">eng</LanguageCode>
</language>
<characterSet>
<MD_CharacterSetCode codeList="http://www.isotc211.org/2005/resources/Codelist/gmxCodelists.xml#MD_CharacterSetCode" codeListValue="utf8" codeSpace="ISOTC211/19115">utf8</MD_CharacterSetCode>
</characterSet>
<topicCategory>
<MD_TopicCategoryCode>boundaries</MD_TopicCategoryCode>
</topicCategory>
<topicCategory>
<MD_TopicCategoryCode>environment</MD_TopicCategoryCode>
</topicCategory>
<topicCategory>
<MD_TopicCategoryCode>planningCadastre</MD_TopicCategoryCode>
</topicCategory>
<environmentDescription>
<gco:CharacterString>Microsoft Windows 10 Version 10.0 (Build 19042) ; Esri ArcGIS 12.8.0.29751</gco:CharacterString>
</environmentDescription>
<extent>
<EX_Extent>
<geographicElement>
<EX_GeographicBoundingBox>
<westBoundLongitude>
<gco:Decimal>-120</gco:Decimal>
</westBoundLongitude>
<eastBoundLongitude>
<gco:Decimal>-110</gco:Decimal>
</eastBoundLongitude>
<southBoundLatitude>
<gco:Decimal>49</gco:Decimal>
</southBoundLatitude>
<northBoundLatitude>
<gco:Decimal>60</gco:Decimal>
</northBoundLatitude>
</EX_GeographicBoundingBox>
</geographicElement>
</EX_Extent>
</extent>
<extent>
<EX_Extent>
<geographicElement>
<EX_GeographicBoundingBox>
<extentTypeCode>
<gco:Boolean>true</gco:Boolean>
</extentTypeCode>
<westBoundLongitude>
<gco:Decimal>-120.850117</gco:Decimal>
</westBoundLongitude>
<eastBoundLongitude>
<gco:Decimal>-108.457318</gco:Decimal>
</eastBoundLongitude>
<southBoundLatitude>
<gco:Decimal>48.897759</gco:Decimal>
</southBoundLatitude>
<northBoundLatitude>
<gco:Decimal>60.095171</gco:Decimal>
</northBoundLatitude>
</EX_GeographicBoundingBox>
</geographicElement>
</EX_Extent>
</extent>
</MD_DataIdentification>
</identificationInfo>
<distributionInfo>
<MD_Distribution>
<distributionFormat>
<MD_Format>
<name>
<gco:CharacterString>File Geodatabase</gco:CharacterString>
</name>
<version>
<gco:CharacterString>10.7.1</gco:CharacterString>
</version>
<specification>
<gco:CharacterString>FGDB</gco:CharacterString>
</specification>
<fileDecompressionTechnique>
<gco:CharacterString>ZIP</gco:CharacterString>
</fileDecompressionTechnique>
</MD_Format>
</distributionFormat>
<distributionFormat>
<MD_Format>
<name>
<gco:CharacterString>Shapefile</gco:CharacterString>
</name>
<version>
<gco:CharacterString>10.7.1</gco:CharacterString>
</version>
<specification>
<gco:CharacterString>SHP</gco:CharacterString>
</specification>
<fileDecompressionTechnique>
<gco:CharacterString>ZIP</gco:CharacterString>
</fileDecompressionTechnique>
</MD_Format>
</distributionFormat>
<distributor>
<MD_Distributor>
<distributorContact>
<CI_ResponsibleParty>
<organisationName>
<gco:CharacterString>Alberta Environment and Protected Areas, Government of Alberta</gco:CharacterString>
</organisationName>
<positionName>
<gco:CharacterString>Provincial Geospatial Centre</gco:CharacterString>
</positionName>
<contactInfo>
<CI_Contact>
<phone>
<CI_Telephone>
<voice>
<gco:CharacterString>7804277374</gco:CharacterString>
</voice>
<facsimile>
<gco:CharacterString>7804220712</gco:CharacterString>
</facsimile>
</CI_Telephone>
</phone>
<address>
<CI_Address>
<deliveryPoint>
<gco:CharacterString>14th Floor, Oxbridge Place</gco:CharacterString>
</deliveryPoint>
<deliveryPoint>
<gco:CharacterString>9820 - 106 Street NW</gco:CharacterString>
</deliveryPoint>
<city>
<gco:CharacterString>Edmonton</gco:CharacterString>
</city>
<administrativeArea>
<gco:CharacterString>Alberta</gco:CharacterString>
</administrativeArea>
<postalCode>
<gco:CharacterString>T5K 2J6</gco:CharacterString>
</postalCode>
<country>
<Country codeList="http://www.iso.org/iso/country_codes/iso_3166_code_lists.htm" codeListValue="CA" codeSpace="ISO3166-1">CA</Country>
</country>
<electronicMailAddress>
<gco:CharacterString>AEP.Data@gov.ab.ca</gco:CharacterString>
</electronicMailAddress>
</CI_Address>
</address>
</CI_Contact>
</contactInfo>
<role>
<CI_RoleCode codeList="http://www.isotc211.org/2005/resources/Codelist/gmxCodelists.xml#CI_RoleCode" codeListValue="distributor" codeSpace="ISOTC211/19115">distributor</CI_RoleCode>
</role>
</CI_ResponsibleParty>
</distributorContact>
</MD_Distributor>
</distributor>
<transferOptions>
<MD_DigitalTransferOptions>
<onLine>
<CI_OnlineResource>
<linkage>
<URL>https://geospatial.alberta.ca/titan/rest/services/cadastre/crownland_reservation/MapServer</URL>
</linkage>
<protocol>
<gco:CharacterString>REST</gco:CharacterString>
</protocol>
<name>
<gco:CharacterString>cadastre/crownland_reservation (MapServer)</gco:CharacterString>
</name>
<description>
<gco:CharacterString>Web service for Crown land Reservation dataset</gco:CharacterString>
</description>
<function>
<CI_OnLineFunctionCode codeList="http://www.fgdc.gov/nap/metadata/register/codelists.html#napCI_OnLineFunctionCode" codeListValue="webService" codeSpace="ISOTC211/19139/NAP">webService</CI_OnLineFunctionCode>
</function>
</CI_OnlineResource>
</onLine>
</MD_DigitalTransferOptions>
</transferOptions>
<transferOptions>
<MD_DigitalTransferOptions>
<unitsOfDistribution>
<gco:CharacterString>MB</gco:CharacterString>
</unitsOfDistribution>
<transferSize>
<gco:Real>15</gco:Real>
</transferSize>
<onLine>
<CI_OnlineResource>
<linkage>
<URL>https://extranet.gov.ab.ca/srd/geodiscover/srd_pub/boundaries/CrownlandReservations_FGDB.zip</URL>
</linkage>
<protocol>
<gco:CharacterString>FTP</gco:CharacterString>
</protocol>
<name>
<gco:CharacterString>Crown land Reservations (FGDB)</gco:CharacterString>
</name>
<description>
<gco:CharacterString>File geodatabase containing Crown land Reservations dataset (ZIP)</gco:CharacterString>
</description>
<function>
<CI_OnLineFunctionCode codeList="http://www.isotc211.org/2005/resources/Codelist/gmxCodelists.xml#CI_OnLineFunctionCode" codeListValue="download" codeSpace="ISOTC211/19115">download</CI_OnLineFunctionCode>
</function>
</CI_OnlineResource>
</onLine>
</MD_DigitalTransferOptions>
</transferOptions>
<transferOptions>
<MD_DigitalTransferOptions>
<unitsOfDistribution>
<gco:CharacterString>MB</gco:CharacterString>
</unitsOfDistribution>
<transferSize>
<gco:Real>25</gco:Real>
</transferSize>
<onLine>
<CI_OnlineResource>
<linkage>
<URL>https://extranet.gov.ab.ca/srd/geodiscover/srd_pub/boundaries/CrownlandReservations_SHP.zip</URL>
</linkage>
<protocol>
<gco:CharacterString>FTP</gco:CharacterString>
</protocol>
<name>
<gco:CharacterString>Crown land Reservations (SHP)</gco:CharacterString>
</name>
<description>
<gco:CharacterString>Shapefile containing Crown land Reservations dataset (ZIP)</gco:CharacterString>
</description>
<function>
<CI_OnLineFunctionCode codeList="http://www.isotc211.org/2005/resources/Codelist/gmxCodelists.xml#CI_OnLineFunctionCode" codeListValue="download" codeSpace="ISOTC211/19115">download</CI_OnLineFunctionCode>
</function>
</CI_OnlineResource>
</onLine>
</MD_DigitalTransferOptions>
</transferOptions>
</MD_Distribution>
</distributionInfo>
<dataQualityInfo>
<DQ_DataQuality>
<scope>
<DQ_Scope>
<level>
<MD_ScopeCode codeList="http://www.isotc211.org/2005/resources/Codelist/gmxCodelists.xml#MD_ScopeCode" codeListValue="feature" codeSpace="ISOTC211/19115">feature</MD_ScopeCode>
</level>
<levelDescription>
<MD_ScopeDescription>
<attributes uuidref="Boundaries conform to the accuracies of the source data used for compilation.">
</attributes>
</MD_ScopeDescription>
</levelDescription>
</DQ_Scope>
</scope>
<lineage>
<LI_Lineage>
<statement>
<gco:CharacterString>This dataset was created by converting reservations previously held in the Digitally Integrated Dispositions (DIDs) dataset. Future reservations will be added via the Crown land Reservation application process.</gco:CharacterString>
</statement>
<processStep>
<LI_ProcessStep>
<description>
<gco:CharacterString>Creation - Receive dataset from business area</gco:CharacterString>
</description>
<dateTime>
<gco:DateTime>2022-07-22T00:00:00</gco:DateTime>
</dateTime>
</LI_ProcessStep>
</processStep>
</LI_Lineage>
</lineage>
</DQ_DataQuality>
</dataQualityInfo>
<metadataMaintenance>
<MD_MaintenanceInformation>
<maintenanceAndUpdateFrequency>
<MD_MaintenanceFrequencyCode codeList="http://www.isotc211.org/2005/resources/Codelist/gmxCodelists.xml#MD_MaintenanceFrequencyCode" codeListValue="asNeeded" codeSpace="ISOTC211/19115">asNeeded</MD_MaintenanceFrequencyCode>
</maintenanceAndUpdateFrequency>
</MD_MaintenanceInformation>
</metadataMaintenance>
</MD_Metadata>
